"ID","TITLE","DESCRIPTION"
"FCITEM-1","Glitch in Transaction Flagging","The system incorrectly flags legitimate transactions as suspicious. Requires urgent review of the flagging algorithms to reduce false positives."
"FCITEM-2","Dashboard Usability Enhancement","Users report difficulty navigating the dashboard, especially finding specific compliance reports. Suggest redesigning the UI for easier access."
"FCITEM-3","Slow Report Generation","Generating compliance reports often results in timeouts. Suggest increasing server processing power or optimizing the SQL queries."
"FCITEM-4","Feature Request: Auto Tax Update","A real-time tax law update feature would greatly benefit our compliance efforts, minimizing manual entries and errors."
"FCITEM-5","Data Encryption Bug","Intermittent failure in data encryption during transfers observed. Needs immediate attention to patch the security vulnerabilities."
"FCITEM-6","AML System Overhaul Needed","The anti-money laundering system frequently misses known patterns. Recommend a complete system audit and integration of newer detection models."
"FCITEM-7","Tax Compliance Tool Errors","The tool often miscalculates tax obligations under new regulations. Propose a monthly review and update cycle with stakeholder feedback."
"FCITEM-8","Security Protocol Inconsistency","Inconsistent application of security protocols across platforms observed. Requires standardization and rigorous testing."
"FCITEM-9","Enhancement for Data Retrieval Speed","Data retrieval from the compliance archive is sluggish, affecting operational efficiency. Recommend hardware upgrades or caching solutions."
"FCITEM-10","Feature Addition: Enhanced User Permissions","Request to add more granular user permissions for access to sensitive compliance data, enhancing security and control."
"FCITEM-11","Report Export Bug","Users experience crashes when exporting large reports. Potential memory leak suspected. Needs investigation and fix."
"FCITEM-12","Compliance Tracking Feature Suggestion","Suggest developing a feature for better tracking of compliance changes over time, with alerts for pending updates."
"FCITEM-13","UI Clarity Issue","The current user interface is too cluttered, leading to user frustration. Suggest a minimalist redesign focusing on clarity and ease of use."
"FCITEM-14","Performance Issue with Compliance Database","The compliance database struggles under heavy load, leading to slow response times. Consider scaling solutions or performance tuning."
"FCITEM-15","Feature Request: Compliance Prediction","Introduce a predictive analytics feature to forecast potential compliance issues based on current trends and data."
"FCITEM-16","Bug in User Authentication Flow","Several reports of authentication failures during high traffic periods. Recommend revising the authentication framework for robustness."
"FCITEM-17","Enhancement Request: Mobile Accessibility","Mobile version of the compliance tool lacks several desktop features. Enhancement needed to bring parity between platforms."
"FCITEM-18","Data Backup Inconsistency","Inconsistent backups of compliance data reported, posing a risk of data loss. Urgent review and overhaul of backup procedures recommended."
"FCITEM-19","Compliance Audit Tool Improvement","The current audit tool fails to capture several compliance metrics efficiently. Suggest enhancing the tool with additional reporting features."
"FCITEM-20","Data Security Enhancement Proposal","Recent breaches highlight weaknesses in our data security framework. Propose an immediate security audit and enhancements."
"FCITEM-21","Glitch in Transaction Flagging","The system incorrectly flags legitimate transactions as suspicious. Requires urgent review of the flagging algorithms to reduce false positives."
"FCITEM-22","Dashboard Usability Enhancement","Users report difficulty navigating the dashboard, especially finding specific compliance reports. Suggest redesigning the UI for easier access."
"FCITEM-23","Slow Report Generation","Generating compliance reports often results in timeouts. Suggest increasing server processing power or optimizing the SQL queries."
"FCITEM-24","Feature Request: Auto Tax Update","A real-time tax law update feature would greatly benefit our compliance efforts, minimizing manual entries and errors."
"FCITEM-25","Data Encryption Bug","Intermittent failure in data encryption during transfers observed. Needs immediate attention to patch the security vulnerabilities."
"FCITEM-26","AML System Overhaul Needed","The anti-money laundering system frequently misses known patterns. Recommend a complete system audit and integration of newer detection models."
"FCITEM-27","Tax Compliance Tool Errors","The tool often miscalculates tax obligations under new regulations. Propose a monthly review and update cycle with stakeholder feedback."
"FCITEM-28","Security Protocol Inconsistency","Inconsistent application of security protocols across platforms observed. Requires standardization and rigorous testing."
"FCITEM-29","Enhancement for Data Retrieval Speed","Data retrieval from the compliance archive is sluggish, affecting operational efficiency. Recommend hardware upgrades or caching solutions."
"FCITEM-30","Feature Addition: Enhanced User Permissions","Request to add more granular user permissions for access to sensitive compliance data, enhancing security and control."
"FCITEM-31","Report Export Bug","Users experience crashes when exporting large reports. Potential memory leak suspected. Needs investigation and fix."
"FCITEM-32","Compliance Tracking Feature Suggestion","Suggest developing a feature for better tracking of compliance changes over time, with alerts for pending updates."
"FCITEM-33","UI Clarity Issue","The current user interface is too cluttered, leading to user frustration. Suggest a minimalist redesign focusing on clarity and ease of use."
"FCITEM-34","Performance Issue with Compliance Database","The compliance database struggles under heavy load, leading to slow response times. Consider scaling solutions or performance tuning."
"FCITEM-35","Feature Request: Compliance Prediction","Introduce a predictive analytics feature to forecast potential compliance issues based on current trends and data."
"FCITEM-36","Bug in User Authentication Flow","Several reports of authentication failures during high traffic periods. Recommend revising the authentication framework for robustness."
"FCITEM-37","Enhancement Request: Mobile Accessibility","Mobile version of the compliance tool lacks several desktop features. Enhancement needed to bring parity between platforms."
"FCITEM-38","Data Backup Inconsistency","Inconsistent backups of compliance data reported, posing a risk of data loss. Urgent review and overhaul of backup procedures recommended."
"FCITEM-39","Compliance Audit Tool Improvement","The current audit tool fails to capture several compliance metrics efficiently. Suggest enhancing the tool with additional reporting features."
"FCITEM-40","Data Security Enhancement Proposal","Recent breaches highlight weaknesses in our data security framework. Propose an immediate security audit and enhancements."
"FCITEM-41","COVID-19 Impact on Compliance Processes","Adjustments for remote work have led to lapses in compliance standards. Need strategies to ensure continuity and integrity in remote settings."
"FCITEM-42","Regulatory Changes in Fintech","Evolving fintech regulations demand more robust compliance systems. Recommend an update to include recent legislative changes impacting digital currencies."
"FCITEM-43","Privacy Law Compliance Challenges","With the introduction of stricter privacy laws, our current systems are not fully compliant. Urgent development needed to meet new GDPR and CCPA standards."
"FCITEM-44","Cloud Storage Compliance Issues","Compliance issues found with our cloud storage solutions, not meeting the latest security protocols required by federal regulations."
"FCITEM-45","Accessibility Issues in Compliance Training","Compliance training modules are not fully accessible, hindering training efforts for employees with disabilities. Immediate update needed to meet ADA standards."
"FCITEM-46","Specific Flaw: Data Sync Failure","Users report frequent failures in synchronizing compliance data across multiple platforms, leading to data inconsistencies. Recommend a complete overhaul of the sync engine."
"FCITEM-47","Enhancement: AI Compliance Monitoring","Propose the integration of AI to monitor compliance more efficiently, spotting anomalies and trends that human auditors might miss."
"FCITEM-48","Law Compliance: LIBOR Transition","The transition away from LIBOR has been poorly handled in our tools. Immediate updates are needed to align with SOFR guidelines and avoid financial inaccuracies."
"FCITEM-49","Flaw in Reporting Under Dodd-Frank","There is a specific flaw in our Dodd-Frank reporting module which inaccurately categorizes swap dealers, leading to compliance risks. Urgent fix required."
"FCITEM-50","Enhancement: Blockchain for Audit Trails","Introduce blockchain technology to create immutable audit trails for all compliance data, enhancing transparency and trust among regulators and users."
"FCITEM-51","Specific Law Update Needed: CCPA Compliance","Our system currently does not fully support the latest amendments in the CCPA, particularly regarding consumer right to opt-out. Development of these features is critical."
"FCITEM-52","Flaw: Inadequate Encryption for GDPR","Our encryption methods do not meet the GDPR’s enhanced requirements for data protection. Immediate enhancement of our encryption standards is necessary."
"FCITEM-53","Upcoming Trend: Quantum-Resistant Encryption","With quantum computing on the rise, recommend initiating development of quantum-resistant encryption methods to future-proof our data security measures."
"FCITEM-54","Specific Enhancement: UX for Senior Users","Based on user feedback, there is a need for a user interface specially designed for senior compliance officers who are not tech-savvy. Propose a simplified, high-contrast UI option."
"FCITEM-55","Compliance with New ESG Reporting Standards","Emerging ESG reporting requirements are not fully integrated into our platform. We need to develop tools that support these new standards effectively."
"FCITEM-56","Bug: Flawed KYC Reminders","The KYC reminder system fails to notify users in time, causing lapses in mandatory checks. A review and repair of the notification system are urgently required."
"FCITEM-57","Feature Request: Real-Time Compliance Updates","Users have suggested a feature for real-time updates on compliance status directly in their dashboard, using live data feeds to keep track of changes."
"FCITEM-58","Software Enhancement: Faster Data Imports","Feedback indicates that data import functions are too slow, especially when handling large datasets from regulatory bodies. Optimization is crucial."
"FCITEM-59","Regulation Specific Module: MiFID II Compliance","Our tools lack specific functionalities to fully comply with MiFID II regulations. This module needs urgent development, focusing on transparency and reporting features."
"FCITEM-60","Enhancement: Predictive Risk Modeling","To stay ahead of potential compliance breaches, introduce predictive risk modeling tools that use historical data to forecast risk areas."
"FCITEM-61","Flaw in Access Control for Sensitive Data","There are critical flaws in our access control systems, allowing unauthorized access to sensitive compliance data. Overhaul of security protocols is needed."
"FCITEM-62","Law Specific Compliance: FATCA Requirements","Our system’s current setup fails to meet FATCA requirements adequately, especially in identifying U.S. persons' accounts abroad. Immediate enhancements are required."
"FCITEM-63","Upcoming Trend: Enhanced Mobile Compliance Tools","Noticing an increase in mobile use by compliance officers, we should enhance our mobile applications to offer full compliance toolsets."
"FCITEM-64","Specific Flaw: Compliance Training Modules Outdated","Our compliance training modules are outdated and do not cover recent regulatory changes. Comprehensive updates are needed to keep the training relevant."
"FCITEM-65","Enhancement: Automated Sanctions Screening","To improve efficiency and reduce errors, propose the implementation of automated sanctions screening within our financial transactions monitoring."
"FCITEM-66","Enhancement for Reg BI Compliance","Broker-dealers need better tools to adhere to Regulation Best Interest (Reg BI) standards. Proposing an enhancement to include a decision support system that ensures compliance."
"FCITEM-67","Bug: SEC Filing Module Decimal Error","Users report a decimal placement error in our SEC filing module when processing Form 10-Q, leading to significant discrepancies. Immediate precision correction needed."
"FCITEM-68","Future Compliance Trend: AI Regulation","Anticipating future AI regulations, suggest developing compliance protocols that can dynamically adjust to new AI governance laws, ensuring our tools remain at the forefront."
"FCITEM-69","Specific Law Compliance: Sarbanes-Oxley Improvements","Our current system's SOX compliance module fails to track changes in real-time, which is critical for audit trails. Recommend real-time processing enhancements."
"FCITEM-70","Esoteric Bug in Derivatives Compliance Submodule","There's a rare bug in the derivatives compliance submodule that misclassifies swap derivatives under certain conditions. Needs complex algorithm adjustments."
"FCITEM-71","Enhancement Based on PSD2 Regulations","With the Payment Services Directive (PSD2) enhancing consumer rights, our payment systems need to integrate stronger user authentication processes."
"FCITEM-72","Compliance Trend: Cryptocurrency Regulations","As cryptocurrency regulations solidify, our system must adapt to include specific compliance checks for crypto transactions, especially regarding anti-money laundering."
"FCITEM-73","Bug in GDPR Data Rectification Workflow","The workflow for GDPR data rectification requests fails when handling simultaneous requests, leading to non-compliance. Needs a robust concurrency handling mechanism."
"FCITEM-74","Specific Enhancement for Basel III Compliance","Our risk management tools need updating to fully comply with Basel III capital requirements, especially for market liquidity risk."
"FCITEM-75","Upcoming Compliance Environment: Green Financing","With the rise in green financing, suggest developing modules that assist in complying with green bond principles and sustainability-linked loans."
"FCITEM-76","Esoteric Bug: Tax Compliance for Niche Markets","A specific bug affects our tax compliance module for niche markets like cryptocurrencies, where certain transactions are not being reported correctly."
"FCITEM-77","Bank Registration Enhancements for CDD","Enhancements needed in our customer due diligence processes to meet the latest requirements under the Bank Secrecy Act, especially for high-risk customers."
"FCITEM-78","Specific Law Compliance: TILA-RESPA Integration","Our mortgage processing software needs updates to fully comply with the integrated TILA-RESPA disclosures, improving transparency and accuracy."
"FCITEM-79","Bug in Anti-Bribery Compliance Tracker","The anti-bribery compliance tracker erroneously excludes certain indirect payments from reports, which could lead to legal consequences. Urgent fix required."
"FCITEM-80","Enhancement: Cloud Compliance for Financial Data","To keep up with cloud computing trends, propose developing a specialized module to manage compliance in cloud environments, ensuring data protection and access control."
"FCITEM-81","Upcoming Compliance Requirement: Remote Work Regulations","Anticipating regulations around remote work, we should enhance our systems to monitor and report compliance across decentralized work environments."
"FCITEM-82","Esoteric Software Bug: Fixed Income Compliance","In our fixed income compliance module, a specific scenario causes incorrect risk weighting. This affects compliance with investment restrictions."
"FCITEM-83","Specific Enhancement for Dodd-Frank Stress Tests","Our system needs a more robust mechanism for conducting stress tests required by Dodd-Frank, incorporating advanced simulation techniques."
"FCITEM-84","Regulation Forecast: Deep Learning Use in Banking","With banks increasingly adopting deep learning, regulatory frameworks will evolve. Suggest preemptive development of compliance monitoring tools for deep learning applications."
"FCITEM-85","Bug Fix: ESG Reporting Inconsistencies","Discrepancies in our ESG reporting module lead to non-uniform data presentation. Recommend a thorough review and standardization of the reporting framework."
"FCITEM-86","Compliance with Real-Time Reporting in FX Markets","As FX markets move towards real-time reporting, our software needs an update to handle live data feeds and ensure compliance with the new regulations."
"FCITEM-87","Enhancement: Compliance for Robo-Advisors","With the rise of robo-advisors, we need to enhance our compliance tools to include automated investment advice monitoring, ensuring they adhere to fiduciary standards."
"FCITEM-88","Bug in Algorithmic Trading Compliance Checks","Algorithmic trading compliance checks intermittently fail under high transaction volumes, risking regulatory penalties. Immediate scalability enhancements required."
"FCITEM-89","Specific Law Compliance: Anti-Front Running Measures","Our trading platforms require updates to incorporate enhanced anti-front running measures to comply with new SEC regulations, ensuring market fairness."
"FCITEM-90","Upcoming Trend: Compliance for IoT in Banking","Internet of Things (IoT) devices are being increasingly used in banking. We need to develop compliance protocols that address the unique security challenges posed by IoT."
"FCITEM-91","Compliance with Global Data Protection for Cross-Border Transactions","Our systems must be updated to handle global data protection requirements, particularly for cross-border transactions involving multiple jurisdictions."
"FCITEM-92","Bug Fix: Non-Compliance in Low-Code Platforms","Our low-code platform for creating compliance apps shows non-compliance under certain scenarios due to insufficient customizability. Patch required for enhanced functionality."
"FCITEM-93","Regulatory Compliance for Biometric Authentication","As biometric authentication becomes common in financial services, our systems need updates to comply with privacy laws and biometric data security standards."
"FCITEM-94","Enhancement: Insider Trading Monitoring System","Need to enhance our insider trading monitoring systems with predictive analytics to detect patterns and potential insider activities before they occur."
"FCITEM-95","Compliance Issue: Blockchain Smart Contract Audits","Our blockchain platforms lack sufficient tools for auditing smart contracts, which is crucial for ensuring compliance with contractual and regulatory standards."
"FCITEM-96","Specific Enhancement for Anti-Money Laundering in Digital Payments","With digital payments on the rise, anti-money laundering tools need to be specifically tailored to monitor these transactions more effectively."
"FCITEM-97","Upcoming Regulation Compliance: Facial Recognition Use","Anticipate regulations on the use of facial recognition technology in banking and finance. We need to prepare our systems for compliance, focusing on privacy and accuracy."
"FCITEM-98","Bug in Sustainability Compliance Reporting","Sustainability compliance reporting feature inaccurately tracks carbon credits, leading to potential non-compliance with environmental regulations."
"FCITEM-99","New Law Compliance: LIBOR to SOFR Transition Tools","Enhance our financial tools to facilitate the transition from LIBOR to SOFR, ensuring smooth compliance for our users with minimal disruption."
"FCITEM-100","Regulatory Trend: AI in Regulatory Compliance Reporting","As regulatory bodies increasingly accept reports generated by AI, our systems need to ensure that AI-generated reports comply with all standards and regulations."
"FCITEM-101","Specific Bug: Compliance Module for Derivatives Not Updating","The compliance module for derivatives fails to update with new regulations automatically, requiring manual intervention. An automated update feature is needed."
"FCITEM-102","Enhancement for Compliance in Peer-to-Peer Lending Platforms","Peer-to-peer lending platforms are under-regulated. We need to develop a compliance framework specifically for these platforms, covering risk assessment and fraud prevention."
"FCITEM-103","Specific Law: Compliance with the New Digital Tax Laws","Our systems need updates to comply with the new digital tax laws, ensuring accurate tax reporting for transactions in digital goods and services."
"FCITEM-104","Upcoming Compliance Challenge: Quantum Computing Security","With quantum computing nearing practical use, we need to anticipate its impact on encryption and prepare our compliance tools for quantum-era security challenges."
"FCITEM-105","Bug in Automated Compliance Training Modules","Our automated compliance training modules fail to update automatically with new laws, leading to outdated training content. Immediate overhaul needed."
"FCITEM-106","Bug Fix: Daily Transaction Limit Alerts","Users report that the daily transaction limit alerts are not triggering correctly. A simple code review and adjustment should fix this issue promptly."
"FCITEM-107","Enhancement: User Session Timeout Feature","To improve security, suggest adding a configurable user session timeout feature that automatically logs users out after a period of inactivity."
"FCITEM-108","Feature Request: Customizable Compliance Checklists","Propose developing customizable compliance checklists that users can tailor to different regulatory requirements, improving daily workflow efficiency."
"FCITEM-109","Bug in Multi-Factor Authentication Setup","There's a recurring issue with setting up multi-factor authentication for new users, often leading to failed attempts. Needs immediate debugging and resolution."
"FCITEM-110","Simple Enhancement: Export Compliance Reports to CSV","Users request the ability to export compliance reports directly into CSV format for easier data manipulation and archiving."
"FCITEM-111","Bug: Inaccurate Risk Scoring in Compliance Dashboard","The risk scoring algorithm in the compliance dashboard sometimes calculates incorrect scores. Suggest recalibrating the algorithm parameters."
"FCITEM-112","Feature Addition: Real-time Compliance Notifications","Introduce real-time notifications for compliance status changes, helping users stay informed about compliance issues instantly."
"FCITEM-113","Minor Bug: Incorrect Date Formatting in Reports","Reports generated by the system show incorrect date formats for some users. Adjusting regional settings should resolve this."
"FCITEM-114","Enhancement: Improved Search Functionality in Logs","Enhance the search functionality in audit logs to include advanced filtering options, helping users find specific entries more quickly."
"FCITEM-115","Bug Fix: License Expiry Notifications Not Working","The feature for notifying users about license expiry is not functioning. A fix is required to ensure users renew on time."
"FCITEM-116","Feature Request: Automated Compliance Reminders","Implement automated reminders for upcoming compliance deadlines, helping users manage regulatory obligations without missing deadlines."
"FCITEM-117","Minor Enhancement: User Interface Scalability","Update the user interface to be more scalable on various devices, improving usability and accessibility across different screen sizes."
"FCITEM-118","Bug in Compliance Training Modules Not Tracking Progress","Users report that the compliance training modules are not tracking progress correctly. An update to the tracking logic is needed."
"FCITEM-119","Feature Update: Enhanced Document Control","Propose an update to document control features to include version history and rollback capabilities, enhancing document integrity."
"FCITEM-120","Simple Bug Fix: Email Verification Issues","Some users are experiencing issues with email verification links not working. This requires a quick fix to the email service setup."
"FCITEM-121","Enhancement: Multi-language Support for Compliance Tools","Expand the compliance tools to include multi-language support, accommodating a broader user base and enhancing accessibility."
"FCITEM-122","Bug: Filter Function Fails in Transaction Monitoring","The filter function in transaction monitoring fails under specific conditions. Needs a review of the filtering logic for improvements."
"FCITEM-123","Feature Introduction: Contextual Help for Compliance Questions","Introduce a contextual help feature that provides users with instant answers to compliance-related questions within the software."
"FCITEM-124","Minor Enhancement: Optimize Database Queries","Optimize the backend database queries to speed up the loading times of compliance reports, improving user experience."
"FCITEM-125","Bug Fix: Profile Editing Locks Up","There's a minor bug where user profiles lock up when trying to edit information. This should be resolved with a simple patch."
"FCITEM-126","URGENT: Login Page Freezes Randomly","Can someone check why the login page just freezes? Happens randomly but it’s super annoying when you’re in a hurry. Needs fixing asap!!!"
"FCITEM-127","Feature Needed ASAP: Where’s the Undo Button?","We desperately need an undo button for when we accidentally delete an entry. It’s a simple fix that would save us a lot of headaches!"
"FCITEM-128","Compliance Forms Not Updating – HELP!","Why aren’t the compliance forms updating with the new info? I input everything but it still shows old data. This needs to be fixed like yesterday!"
"FCITEM-129","Major Issue: Compliance System Down","The whole compliance system went down during audits today! What’s going on? This can’t happen during audit season, we need this up and running NOW!"
"FCITEM-130","Can’t Find Where to Update Settings","I’ve been trying to find where to update my settings for ages, it’s not intuitive at all. Can we make this easier to find or what?"
"FCITEM-131","Bug Report: Notifications Won’t Stop","Getting the same compliance notification over and over, even after acknowledging it. It’s driving me nuts. Fix needed!"
"FCITEM-132","Feature Request: More Detailed Error Messages","When something goes wrong, the error messages are useless. Can we get more detailed messages so we know what to actually fix?"
"FCITEM-133","Compliance Tracker Freezing Issue","Every time I try to track our compliance metrics, the system just freezes. This is critical for our reports. Needs immediate attention!"
"FCITEM-134","Enhancement: Smarter Compliance Predictions","Our predictions are off. We need smarter algorithms that actually predict potential issues based on our past compliance data."
"FCITEM-135","Bug: Archive Search Returns Zero Results","Trying to pull old compliance reports from the archive and I get zero results every time. There’s definitely stuff there. Search needs a fix!"
"FCITEM-136","Random Logout Problem – Still Not Fixed","This random logout issue has been reported before but it’s still not fixed. It logs me out in the middle of work. Really frustrating."
"FCITEM-137","URGENT: Data Sync Errors Across Devices","Seeing a lot of sync errors when trying to access compliance data across different devices. This needs to be more seamless."
"FCITEM-138","Where is the Report Download Option?","Can’t seem to find the option to download compliance reports. Shouldn’t this be easy? Please make this more accessible."
"FCITEM-139","Help! Compliance Report Formats All Wrong","The format for our compliance reports changed and it’s all wrong now. How do we revert back? This new format is not working out."
"FCITEM-140","Persistent Glitch in Data Entry Fields","There’s a persistent glitch in the data entry fields for compliance data. Sometimes I can’t type anything. Needs a fix ASAP."
"FCITEM-141","Compliance Software Too Slow During Peak Times","The compliance software slows down so much during peak times. This is when we need it most. Can this be sped up somehow?"
"FCITEM-142","Major Bug: Risk Assessment Tool Crashing","Our risk assessment tool keeps crashing, especially when handling larger data sets. This tool is vital for our operations."
"FCITEM-143","NEED HELP: Complex Compliance Queries","I need to run more complex queries for compliance checks but the current tools are too limiting. We need better query capabilities."
"FCITEM-144","Feature Addition: Compliance Timeline Visualization","Would be great to have a visual timeline of all compliance milestones. This would help keep track of everything so much easier."
"FCITEM-145","Compliance Dashboard Needs Customization Options","Our compliance dashboard is too rigid. We need more customization options to tailor it to our specific needs."
"FCITEM-146","This is a cat description that should be omitted","This is a very long description. It should not be included within the embeddings file because it is longer than 512 tokens. I am going to fill this with random stuff. I was walking down the road, when I saw a cat. The cat spoke to me, wouldn't you believe it. He spoke in meows, but if you listened closely, you could make out human language. In his little cat voice, he told me that we should be able to use semantic search with more than 512 tokens. I told that demanding cat, I'm working on it, be patient. He seemed to be satisfied with my pithy response, or is he? 'Let me speak a bit more.. I want to test your omission filter,' the piercing glare stuck fear into my head. 'Yeah.. whatever you say, cat.' I wasn't going to fall for his tricks, I'm determined to get this description into the omission filter. Ignoring the cat's attempts to extend the conversation and test the limits of the omission filter, I continued on my way, mulling over the technological challenges he'd inadvertently highlighted. The idea of implementing a more flexible semantic search that could handle extensive inputs was intriguing, yet daunting. As I turned the corner, I left the cat behind, still meowing his lengthy thoughts into the evening air. Perhaps, in another chat, I might have indulged him more, but today, I had a mission — to ensure that only the most essential descriptions made it through. The cat, with his peculiar gift of gab, would have to wait for another day, or perhaps find another willing listener to test his theories on semantic capacities.As I walked away, the cat's words echoed in my mind, a curious mix of meows and distinctly articulated concerns about data processing limits. I couldn't help but chuckle at the absurdity of receiving tech advice from a feline, yet his point about enhancing semantic search capabilities lingered with me.  The day waned into a dusky evening as I pondered potential solutions. Maybe, just maybe, there was a way to segment larger texts dynamically, processing them in manageable chunks without losing the context necessary for meaningful search results. This approach could revolutionize how we handle extensive feedback in systems, not just for semantic searches but for comprehensive data analysis in general.  I reached my home, my mind buzzing with ideas. Sitting down at my desk, I jotted down notes and sketched out preliminary models. The cat, whether he realized it or not, had sparked a flurry of innovation. Tomorrow, I decided, I would start experimenting with these new ideas. And maybe, just maybe, I'd pass by the same road, hoping to have another chat with that unusually insightful cat. After all, he might still have more to say, and this time, I'd be more than ready to listen. The next day, armed with fresh ideas and a sense of anticipation, I retraced my steps down the same road, hoping to encounter the mysterious cat once again. The sun cast long shadows across the pavement as I approached the spot where we'd met. There was no sign of him, just the gentle rustle of leaves in the breeze.  As I waited, a local approached, noticing my expectant gaze. ""Looking for the talking cat?"" he asked with a knowing smile. Surprised, I nodded. He chuckled softly. ""You're not the first. He's quite the neighborhood legend. Came out of nowhere a few years ago, started chatting up anyone who'd listen. Some say he's a tech whiz's experiment gone rogue, others think he's just a peculiar mutation."" Intrigued, I asked if the cat had a name. ""We call him Professor Whiskers,"" the man replied. ""He shows up when he pleases, shares his wisdom, then vanishes just as quickly. Keep an ear out; he might just decide to find you again."" That evening, as I worked on my project, inspired by our previous conversation, I couldn't shake the feeling that Professor Whiskers was more than just a stray. His insight into semantic search was too precise, too knowledgeable.  Weeks passed, and as my project took shape, improving dramatically thanks to the cat's advice, I often glanced out the window, hoping for a glimpse of him. Then, one late night while testing the new system, a small notification popped up on the screen: ""Good job! - P.W."" Chills ran down my spine as I realized that not only had Professor Whiskers been real, but he had somehow accessed my system. The line between reality and fantasy blurred as I considered the implications. Had I been assisted by some advanced AI masquerading as a cat, or was there a more magical explanation?  Either way, Professor Whiskers had left his mark, pushing me towards a breakthrough that might otherwise have taken years. The mystery of his existence and true nature remained, adding an enduring layer of wonder to my work."
