"Title","Description"
"Feature Enhancement: AI Compliance Review Automation","Introducing AI to automate the compliance review process, aimed at increasing precision and reducing reliance on manual checks."
"Integration: Blockchain for Document Validation in Compliance","Implement blockchain technology to validate and secure compliance-related documents, ensuring their authenticity and preventing tampering."
"Influence of Remote Working on Compliance Management Tools","With remote working becoming more prevalent, developing specialized tools for managing compliance across distributed teams is essential."
"Critical Update: Enhance Cybersecurity in Compliance Systems","In light of increasing cyber threats, strengthening the cybersecurity features within our compliance systems is imperative to safeguard data."
"Feature Proposal: Augmented Reality for Compliance Education","Deploy augmented reality to offer hands-on compliance training, helping users understand complex regulations in an interactive environment."
"Redundancy Issues in Compliance Notification System","Our compliance notification system issues multiple unnecessary alerts, leading to user confusion. A refinement to streamline these alerts is necessary."
"Development: Proactive Compliance Forecasting Models","Create forecasting models that proactively predict changes in regulations and assess their potential impacts, ensuring better preparedness."
"Compliance Challenges and Solutions for Freelancers","Expand our compliance toolset to better cater to freelancers and gig workers, addressing their specific regulatory needs."
"Improvement: Compliance Data Analytics Visualization Tools","Enhance the graphical representation of compliance data within our tools to aid in quicker and more effective data analysis and decision-making."
"Compliance Monitoring Needs for Blockchain-Based Transactions","As blockchain technology permeates traditional finance, updating our tools to monitor and report on blockchain transactions is crucial."
"Automation of Compliance Tasks via Robotic Process Automation","Leverage Robotic Process Automation to handle repetitive compliance tasks, enhancing efficiency and accuracy."
"Implementing Smart Contracts to Enforce Compliance Norms","Use smart contracts to ensure compliance obligations are automatically adhered to, minimizing the risk of breaches."
"Integration Troubles with Enterprise Compliance Software","Address persistent integration problems between our compliance software and other enterprise systems, ensuring seamless functionality."
"Introduction of a Real-Time Compliance Risk Dashboard","Develop a real-time dashboard that continuously evaluates and displays compliance risks, helping prioritize and manage them effectively."
"Mobile Application for Real-Time Compliance Alerts","Create a mobile application that delivers compliance alerts and updates directly to users, facilitating immediate action and decision-making."
"Updating Compliance Protocols for Online Retail Operations","As online retail grows, it is critical to enhance our compliance frameworks to effectively manage online sales and transaction regulations."
"Utilizing Machine Learning for Anomaly Detection in Compliance Data","Adopt machine learning techniques to identify unusual patterns or discrepancies in compliance data, aiding in early detection of potential issues."
"Flaws in Compliance Deadline Reminder Tools","The tool designed to remind users of compliance deadlines occasionally fails to trigger alerts, risking penalties for missed deadlines."
"Redesigning the Compliance User Interface for Enhanced Accessibility","Revamp the compliance software's user interface to focus on user-friendliness, ensuring easy access to necessary tools and features."
"Global Compliance Standards Integration in Software","As our operations go global, integrating comprehensive international compliance standards into our software is becoming increasingly vital."

